{"stats":{"minecraft:custom":{"minecraft:time_since_rest":107195,"minecraft:walk_one_cm":577644,"minecraft:sprint_one_cm":1882056,"minecraft:damage_taken":31263,"minecraft:drop":1,"minecraft:damage_dealt":18441,"minecraft:play_record":3,"minecraft:fly_one_cm":1836662,"minecraft:crouch_one_cm":63223,"minecraft:play_time":262374,"minecraft:deaths":1,"minecraft:sneak_time":16932,"minecraft:jump":5588,"minecraft:leave_game":18,"minecraft:time_since_death":107175,"minecraft:walk_on_water_one_cm":1029,"minecraft:total_world_time":262374,"minecraft:climb_one_cm":4584,"minecraft:damage_resisted":5562,"minecraft:fall_one_cm":135917},"minecraft:dropped":{"minecraft:gold_nugget":3},"minecraft:used":{"minecraft:small_dripleaf":3,"minecraft:oak_log":41,"minecraft:trident":98,"minecraft:moss_carpet":12,"minecraft:water_bucket":15,"minecraft:netherite_sword":1,"minecraft:jack_o_lantern":1,"minecraft:red_sand":36,"minecraft:music_disc_otherside":1,"minecraft:music_disc_pigstep":2,"minecraft:iron_axe":283,"minecraft:grass_block":20,"minecraft:spore_blossom":1,"minecraft:diamond_ore":9,"minecraft:red_nether_brick_stairs":6,"minecraft:gravel":5,"minecraft:grass":8,"minecraft:stone_bricks":1,"minecraft:dried_kelp_block":14,"minecraft:oak_leaves":24,"minecraft:diamond_block":2,"minecraft:dirt":1,"minecraft:sand":10,"minecraft:bow":143,"minecraft:potion":1,"minecraft:sweet_berries":8,"minecraft:orange_glazed_terracotta":24,"minecraft:podzol":2,"minecraft:crossbow":48,"minecraft:wither_rose":1,"minecraft:stripped_oak_log":8,"minecraft:lingering_potion":5,"minecraft:jukebox":3,"minecraft:splash_potion":7,"minecraft:cobweb":6},"minecraft:picked_up":{"minecraft:sweet_berries":2,"minecraft:music_disc_pigstep":2,"minecraft:trident":4,"minecraft:music_disc_otherside":1}},"DataVersion":2975}