{"stats":{"minecraft:custom":{"minecraft:time_since_rest":73462,"minecraft:deaths":20,"minecraft:crouch_one_cm":3594,"minecraft:play_time":107848,"minecraft:sprint_one_cm":684419,"minecraft:damage_taken":15685,"minecraft:walk_one_cm":234260,"minecraft:sneak_time":1442,"minecraft:drop":12,"minecraft:jump":2276,"minecraft:damage_dealt":11314,"minecraft:leave_game":4,"minecraft:time_since_death":73442,"minecraft:climb_one_cm":11944,"minecraft:total_world_time":107848,"minecraft:fall_one_cm":64063,"minecraft:fly_one_cm":486593,"minecraft:player_kills":30},"minecraft:dropped":{"minecraft:gold_nugget":26},"minecraft:used":{"minecraft:trident":65,"minecraft:bow":82,"minecraft:iron_axe":145,"minecraft:crossbow":43,"minecraft:lingering_potion":5,"minecraft:splash_potion":9},"minecraft:picked_up":{"minecraft:gold_nugget":3},"minecraft:killed_by":{"minecraft:player":16}},"DataVersion":2975}