{"stats":{"minecraft:picked_up":{"minecraft:lingering_potion":1,"minecraft:splash_potion":1,"minecraft:redstone_block":963,"minecraft:ladder":11,"minecraft:dirt":35,"minecraft:blackstone":126,"minecraft:stone_bricks":2,"minecraft:bow":1,"minecraft:wheat_seeds":1,"minecraft:gold_nugget":83,"minecraft:purple_stained_glass_pane":9,"minecraft:ender_eye":3,"minecraft:glass_bottle":21,"minecraft:blue_wool":4,"minecraft:dark_oak_sapling":1,"minecraft:stick":2,"minecraft:stone":1065,"minecraft:sweet_berries":2,"minecraft:trident":4,"minecraft:spruce_door":2,"minecraft:tnt":1,"minecraft:crossbow":1,"minecraft:rail":5,"minecraft:cobblestone":21},"minecraft:custom":{"minecraft:interact_with_anvil":5,"minecraft:leave_game":44,"minecraft:time_since_death":34254,"minecraft:climb_one_cm":39014,"minecraft:time_since_rest":34288,"minecraft:walk_one_cm":765764,"minecraft:sprint_one_cm":589750,"minecraft:damage_taken":5757,"minecraft:drop":126,"minecraft:damage_dealt":606,"minecraft:fly_one_cm":3572696,"minecraft:open_chest":2,"minecraft:crouch_one_cm":90096,"minecraft:play_time":1262898,"minecraft:deaths":7,"minecraft:sneak_time":22004,"minecraft:jump":2808,"minecraft:total_world_time":1262898,"minecraft:fall_one_cm":94533},"minecraft:killed_by":{"minecraft:player":6},"minecraft:dropped":{"minecraft:glass_bottle":40,"minecraft:gold_nugget":86},"minecraft:used":{"minecraft:moss_block":75,"minecraft:oak_fence":51,"minecraft:trident":26,"minecraft:leather_leggings":2,"minecraft:spruce_door":7,"minecraft:dead_bush":3,"minecraft:flint_and_steel":316,"minecraft:ladder":40,"minecraft:oak_planks":175,"minecraft:blue_wool":122,"minecraft:ender_pearl":22,"minecraft:leather_chestplate":2,"minecraft:stone":73,"minecraft:brown_mushroom":9,"minecraft:grass":60,"minecraft:leather_boots":2,"minecraft:netherrack":24,"minecraft:oak_leaves":428,"minecraft:spruce_leaves":7,"minecraft:dirt":12,"minecraft:anvil":70,"minecraft:rail":10,"minecraft:ancient_debris":25,"minecraft:vine":5,"minecraft:oak_slab":51,"minecraft:nether_quartz_ore":77,"minecraft:red_mushroom":3,"minecraft:campfire":5,"minecraft:crossbow":51,"minecraft:dark_oak_fence_gate":2,"minecraft:acacia_sapling":2,"minecraft:lingering_potion":13,"minecraft:end_stone":208,"minecraft:snowball":178,"minecraft:spruce_log":21,"minecraft:obsidian":120,"minecraft:nether_gold_ore":105,"minecraft:oak_log":228,"minecraft:wooden_axe":17,"minecraft:ender_eye":21,"minecraft:light":24,"minecraft:flowering_azalea":2,"minecraft:dark_oak_log":4,"minecraft:red_wool":42,"minecraft:grass_block":478,"minecraft:oak_stairs":130,"minecraft:birch_sapling":6,"minecraft:jungle_log":35,"minecraft:warped_nylium":28,"minecraft:leather_helmet":3,"minecraft:spruce_trapdoor":43,"minecraft:spruce_sapling":15,"minecraft:crimson_nylium":3,"minecraft:stone_bricks":16,"minecraft:bedrock":101,"minecraft:stone_axe":2,"minecraft:potion":54,"minecraft:cobblestone":39,"minecraft:magma_block":251,"minecraft:bow":174,"minecraft:tall_grass":42,"minecraft:hay_block":13,"minecraft:sweet_berries":2,"minecraft:oak_sapling":14,"minecraft:dark_oak_fence":45,"minecraft:podzol":23,"minecraft:birch_log":20,"minecraft:glass_pane":4,"minecraft:stripped_oak_log":139,"minecraft:dandelion":3,"minecraft:bone_meal":156,"minecraft:dark_oak_sapling":196}},"DataVersion":3337}