{"stats":{"minecraft:custom":{"minecraft:time_since_rest":336473,"minecraft:sprint_one_cm":534709,"minecraft:damage_taken":7522,"minecraft:walk_one_cm":187266,"minecraft:drop":20,"minecraft:damage_dealt":3715,"minecraft:play_noteblock":316,"minecraft:tune_noteblock":313,"minecraft:fly_one_cm":2129546,"minecraft:open_chest":102,"minecraft:play_time":336473,"minecraft:crouch_one_cm":7275,"minecraft:open_shulker_box":4,"minecraft:sneak_time":5421,"minecraft:boat_one_cm":11624,"minecraft:jump":2943,"minecraft:leave_game":10,"minecraft:time_since_death":336433,"minecraft:total_world_time":336473,"minecraft:climb_one_cm":1165,"minecraft:fall_one_cm":56886,"minecraft:inspect_dispenser":10},"minecraft:dropped":{"minecraft:gold_nugget":322},"minecraft:used":{"minecraft:shroomlight":21,"minecraft:moss_block":1,"minecraft:trident":5,"minecraft:red_wool":48,"minecraft:iron_axe":79,"minecraft:grass_block":7,"minecraft:dispenser":10,"minecraft:ladder":5,"minecraft:chest":2,"minecraft:stone_bricks":6,"minecraft:debug_stick":106,"minecraft:white_wool":13,"minecraft:spyglass":16,"minecraft:cobblestone":4,"minecraft:bow":63,"minecraft:oak_slab":2,"minecraft:dark_oak_fence":1,"minecraft:crossbow":103,"minecraft:shulker_box":1,"minecraft:oak_boat":5,"minecraft:dark_oak_fence_gate":25,"minecraft:note_block":22,"minecraft:stone_brick_wall":14,"minecraft:splash_potion":1},"minecraft:picked_up":{"minecraft:note_block":1,"minecraft:shulker_box":27,"minecraft:gold_nugget":191,"minecraft:crossbow":1,"minecraft:purple_stained_glass_pane":1},"minecraft:mined":{"minecraft:note_block":1}},"DataVersion":2975}