{"stats":{"minecraft:custom":{"minecraft:mob_kills":81,"minecraft:interact_with_crafting_table":1,"minecraft:tune_noteblock":103,"minecraft:open_shulker_box":1,"minecraft:leave_game":80,"minecraft:time_since_death":73507,"minecraft:climb_one_cm":47318,"minecraft:damage_resisted":5283,"minecraft:time_since_rest":73527,"minecraft:sprint_one_cm":3286625,"minecraft:damage_taken":61100,"minecraft:walk_one_cm":1265504,"minecraft:drop":127,"minecraft:damage_dealt":21072,"minecraft:play_noteblock":16,"minecraft:fly_one_cm":10798915,"minecraft:player_kills":38,"minecraft:open_chest":65,"minecraft:crouch_one_cm":78486,"minecraft:play_time":2013988,"minecraft:deaths":104,"minecraft:sneak_time":45077,"minecraft:boat_one_cm":3467,"minecraft:jump":14886,"minecraft:walk_on_water_one_cm":441,"minecraft:total_world_time":2013993,"minecraft:fall_one_cm":421781,"minecraft:inspect_dispenser":3},"minecraft:dropped":{"minecraft:iron_sword":1,"minecraft:tnt":50,"minecraft:dripstone_block":35,"minecraft:blue_wool":1,"minecraft:crossbow":21,"minecraft:rotten_flesh":3,"minecraft:iron_boots":1,"minecraft:granite":64,"minecraft:red_wool":1,"minecraft:grass_block":1,"minecraft:leather_helmet":1,"minecraft:leather_chestplate":2,"minecraft:stone":1,"minecraft:turtle_helmet":1,"minecraft:trident":30,"minecraft:gunpowder":13,"minecraft:wooden_axe":1,"minecraft:chest":1,"minecraft:gold_nugget":160,"minecraft:iron_axe":1,"minecraft:firework_rocket":436},"minecraft:used":{"minecraft:azalea":10,"minecraft:oak_fence":3,"minecraft:dark_oak_stairs":1,"minecraft:trident":236,"minecraft:end_rod":2,"minecraft:carved_pumpkin":3,"minecraft:ladder":21,"minecraft:lime_wool":1,"minecraft:oak_planks":92,"minecraft:blue_wool":13,"minecraft:andesite_slab":4,"minecraft:chest":10,"minecraft:spruce_planks":83,"minecraft:stone":392,"minecraft:zombie_spawn_egg":19,"minecraft:oak_leaves":63,"minecraft:white_wool":21,"minecraft:dirt":56,"minecraft:sand":1,"minecraft:oak_slab":282,"minecraft:tnt":1,"minecraft:crafting_table":1,"minecraft:brick_slab":113,"minecraft:spruce_stairs":9,"minecraft:cobblestone_wall":23,"minecraft:yellow_carpet":10,"minecraft:oak_wood":146,"minecraft:crossbow":534,"minecraft:light_gray_concrete_powder":2,"minecraft:dark_oak_fence_gate":12,"minecraft:note_block":17,"minecraft:lingering_potion":31,"minecraft:spruce_fence":2,"minecraft:granite":2,"minecraft:stripped_spruce_log":3,"minecraft:milk_bucket":3,"minecraft:lightning_rod":5,"minecraft:small_dripleaf":1,"minecraft:creeper_spawn_egg":49,"minecraft:oak_log":97,"minecraft:stone_brick_slab":3,"minecraft:wooden_axe":6,"minecraft:lever":3,"minecraft:black_wool":25,"minecraft:firework_rocket":29,"minecraft:command_block":2,"minecraft:birch_slab":1,"minecraft:red_wool":4850,"minecraft:light_gray_concrete":4,"minecraft:grass_block":377,"minecraft:iron_axe":284,"minecraft:oak_stairs":353,"minecraft:barrier":46,"minecraft:brick_stairs":151,"minecraft:stone_button":5,"minecraft:smooth_sandstone":2,"minecraft:netherite_axe":2,"minecraft:spore_blossom":3,"minecraft:stone_slab":12,"minecraft:diamond_ore":5,"minecraft:gravel":26,"minecraft:stone_bricks":477,"minecraft:stone_brick_stairs":119,"minecraft:yellow_wool":3,"minecraft:light_gray_wool":5,"minecraft:red_stained_glass_pane":53,"minecraft:glowstone":2,"minecraft:cobblestone":129,"minecraft:potion":1,"minecraft:bow":225,"minecraft:tall_grass":2,"minecraft:hay_block":1,"minecraft:infested_cracked_stone_bricks":8,"minecraft:oak_sapling":44,"minecraft:red_banner":5,"minecraft:andesite":34,"minecraft:ice":2,"minecraft:splash_potion":5,"minecraft:bone_meal":1,"minecraft:purple_wool":4},"minecraft:picked_up":{"minecraft:lingering_potion":1,"minecraft:leather_chestplate":2,"minecraft:feather":2,"minecraft:splash_potion":1,"minecraft:chicken":2,"minecraft:leather_leggings":1,"minecraft:gunpowder":37,"minecraft:leather_boots":1,"minecraft:bow":1,"minecraft:gold_nugget":136,"minecraft:spore_blossom":1,"minecraft:iron_ingot":1,"minecraft:purple_stained_glass_pane":8,"minecraft:ender_eye":1,"minecraft:iron_sword":1,"minecraft:note_block":1,"minecraft:trident":38,"minecraft:leather_helmet":2,"minecraft:tnt":2,"minecraft:rotten_flesh":26,"minecraft:diamond_boots":1,"minecraft:crossbow":3},"minecraft:crafted":{"minecraft:firework_star":7,"minecraft:firework_rocket":3},"minecraft:broken":{"minecraft:leather_boots":1,"minecraft:leather_leggings":1},"minecraft:mined":{"minecraft:note_block":1,"minecraft:tnt":1},"minecraft:killed_by":{"minecraft:player":51},"minecraft:killed":{"minecraft:creeper":47,"minecraft:zombie":30,"minecraft:chicken":4}},"DataVersion":2975}