{"stats":{"minecraft:custom":{"minecraft:jump":144,"minecraft:time_since_rest":8749,"minecraft:leave_game":1,"minecraft:damage_dealt":526,"minecraft:crouch_one_cm":740,"minecraft:sprint_one_cm":60284,"minecraft:play_time":8749,"minecraft:damage_taken":878,"minecraft:time_since_death":8749,"minecraft:walk_one_cm":17216,"minecraft:sneak_time":825,"minecraft:total_world_time":8749,"minecraft:fall_one_cm":3619,"minecraft:fly_one_cm":33511},"minecraft:used":{"minecraft:wooden_axe":20,"minecraft:bow":6}},"DataVersion":3337}