{"stats":{"minecraft:custom":{"minecraft:jump":86,"minecraft:time_since_rest":7155,"minecraft:damage_taken":684,"minecraft:damage_dealt":1486,"minecraft:crouch_one_cm":2353,"minecraft:leave_game":2,"minecraft:sprint_one_cm":35846,"minecraft:play_time":10963,"minecraft:walk_one_cm":10999,"minecraft:time_since_death":7150,"minecraft:deaths":2,"minecraft:sneak_time":451,"minecraft:total_world_time":10963,"minecraft:fall_one_cm":1320,"minecraft:fly_one_cm":18145,"minecraft:player_kills":8},"minecraft:used":{"minecraft:bow":10,"minecraft:iron_axe":19},"minecraft:killed_by":{"minecraft:player":2}},"DataVersion":2975}