{"stats":{"minecraft:custom":{"minecraft:time_since_rest":82347,"minecraft:open_chest":26,"minecraft:crouch_one_cm":12933,"minecraft:play_time":82347,"minecraft:sprint_one_cm":480569,"minecraft:damage_taken":7277,"minecraft:walk_one_cm":155347,"minecraft:sneak_time":3902,"minecraft:drop":1,"minecraft:jump":1093,"minecraft:damage_dealt":3371,"minecraft:leave_game":3,"minecraft:time_since_death":82347,"minecraft:climb_one_cm":9194,"minecraft:total_world_time":82347,"minecraft:fall_one_cm":21557,"minecraft:fly_one_cm":437697},"minecraft:dropped":{"minecraft:gold_nugget":5},"minecraft:used":{"minecraft:trident":28,"minecraft:bow":48,"minecraft:iron_axe":105,"minecraft:crossbow":22,"minecraft:lingering_potion":1,"minecraft:splash_potion":2},"minecraft:picked_up":{"minecraft:trident":2}},"DataVersion":2975}