{"stats":{"minecraft:custom":{"minecraft:time_since_rest":89578,"minecraft:crouch_one_cm":14227,"minecraft:deaths":59,"minecraft:play_time":158925,"minecraft:sprint_one_cm":831598,"minecraft:damage_taken":22279,"minecraft:walk_one_cm":503239,"minecraft:sneak_time":3907,"minecraft:drop":11,"minecraft:jump":2253,"minecraft:damage_dealt":5664,"minecraft:leave_game":13,"minecraft:time_since_death":89564,"minecraft:climb_one_cm":17679,"minecraft:total_world_time":158925,"minecraft:fall_one_cm":56402,"minecraft:fly_one_cm":518199,"minecraft:player_kills":9,"minecraft:open_chest":2},"minecraft:dropped":{"minecraft:gold_nugget":16},"minecraft:used":{"minecraft:crimson_nylium":1,"minecraft:stone_bricks":1,"minecraft:trident":58,"minecraft:red_sand":6,"minecraft:bow":6,"minecraft:iron_axe":113,"minecraft:crossbow":28,"minecraft:lingering_potion":14,"minecraft:splash_potion":6},"minecraft:picked_up":{"minecraft:gold_nugget":12,"minecraft:trident":2},"minecraft:killed_by":{"minecraft:player":38}},"DataVersion":2975}