{"stats":{"minecraft:custom":{"minecraft:time_since_rest":70980,"minecraft:crouch_one_cm":13637,"minecraft:deaths":19,"minecraft:play_time":104915,"minecraft:sprint_one_cm":645118,"minecraft:damage_taken":16516,"minecraft:walk_one_cm":289730,"minecraft:sneak_time":5006,"minecraft:drop":2,"minecraft:jump":1135,"minecraft:damage_dealt":10601,"minecraft:leave_game":2,"minecraft:time_since_death":70962,"minecraft:climb_one_cm":9616,"minecraft:total_world_time":104915,"minecraft:fall_one_cm":33994,"minecraft:fly_one_cm":275843,"minecraft:player_kills":14},"minecraft:dropped":{"minecraft:gold_nugget":2},"minecraft:used":{"minecraft:stone_bricks":5,"minecraft:trident":19,"minecraft:bow":54,"minecraft:iron_axe":167,"minecraft:crossbow":31,"minecraft:splash_potion":2},"minecraft:picked_up":{"minecraft:gold_nugget":24},"minecraft:killed_by":{"minecraft:player":19}},"DataVersion":2975}