{"stats":{"minecraft:custom":{"minecraft:time_since_rest":132442,"minecraft:sprint_one_cm":615766,"minecraft:damage_taken":7992,"minecraft:walk_one_cm":148165,"minecraft:drop":1,"minecraft:damage_dealt":5316,"minecraft:fly_one_cm":1066563,"minecraft:tune_noteblock":3,"minecraft:open_chest":5,"minecraft:crouch_one_cm":18685,"minecraft:play_time":133428,"minecraft:open_shulker_box":1,"minecraft:deaths":1,"minecraft:sneak_time":7188,"minecraft:boat_one_cm":66206,"minecraft:jump":1850,"minecraft:leave_game":8,"minecraft:time_since_death":132402,"minecraft:total_world_time":133428,"minecraft:climb_one_cm":7352,"minecraft:inspect_dispenser":4,"minecraft:fall_one_cm":29785},"minecraft:dropped":{"minecraft:gold_nugget":1},"minecraft:used":{"minecraft:trident":4,"minecraft:red_wool":8,"minecraft:birch_planks":17,"minecraft:iron_axe":78,"minecraft:grass_block":1,"minecraft:spruce_slab":88,"minecraft:smooth_sandstone":50,"minecraft:smooth_sandstone_slab":10,"minecraft:sandstone":24,"minecraft:stone":4,"minecraft:cut_sandstone":30,"minecraft:stripped_birch_wood":5,"minecraft:red_glazed_terracotta":1,"minecraft:spruce_fence_gate":21,"minecraft:smooth_sandstone_stairs":2,"minecraft:debug_stick":4,"minecraft:sand":8,"minecraft:bow":96,"minecraft:cut_sandstone_slab":2,"minecraft:dark_oak_fence":10,"minecraft:crossbow":36,"minecraft:oak_boat":2,"minecraft:dark_oak_fence_gate":45,"minecraft:note_block":14,"minecraft:lingering_potion":1,"minecraft:stone_brick_wall":3,"minecraft:spruce_fence":18,"minecraft:splash_potion":5,"minecraft:lightning_rod":3,"minecraft:milk_bucket":1,"minecraft:birch_stairs":4},"minecraft:picked_up":{"minecraft:red_sand":3,"minecraft:gold_nugget":132}},"DataVersion":2975}